"ensembl_gene_id","external_gene_name","ensembl_gene_id_version"
"ENSG00000291470","PTP4A3","ENSG00000291470.1"
"ENSG00000274839","PRB4","ENSG00000274839.5"
"ENSG00000277956","MAPT","ENSG00000277956.4"
"ENSG00000185686","PRAME","ENSG00000185686.18"
"ENSG00000134873","CLDN10","ENSG00000134873.11"
"ENSG00000276155","MAPT","ENSG00000276155.4"
"ENSG00000275013","PRAME","ENSG00000275013.4"
"ENSG00000179915","NRXN1","ENSG00000179915.25"
"ENSG00000008735","MAPK8IP2","ENSG00000008735.15"
"ENSG00000275575","PTP4A3","ENSG00000275575.4"
"ENSG00000104332","SFRP1","ENSG00000104332.13"
"ENSG00000164270","HTR4","ENSG00000164270.20"
"ENSG00000186642","PDE2A","ENSG00000186642.16"
"ENSG00000230657","PRB4","ENSG00000230657.9"
"ENSG00000091513","TF","ENSG00000091513.17"
"ENSG00000213218","CSH2","ENSG00000213218.11"
"ENSG00000113657","DPYSL3","ENSG00000113657.14"
"ENSG00000110492","MDK","ENSG00000110492.18"
"ENSG00000007402","CACNA2D2","ENSG00000007402.13"
"ENSG00000006116","CACNG3","ENSG00000006116.5"
"ENSG00000128683","GAD1","ENSG00000128683.15"
"ENSG00000089199","CHGB","ENSG00000089199.11"
"ENSG00000128422","KRT17","ENSG00000128422.19"
"ENSG00000184489","PTP4A3","ENSG00000184489.14"
"ENSG00000136002","ARHGEF4","ENSG00000136002.22"
"ENSG00000154146","NRGN","ENSG00000154146.14"
"ENSG00000105894","PTN","ENSG00000105894.14"
"ENSG00000175445","LPL","ENSG00000175445.18"
"ENSG00000067715","SYT1","ENSG00000067715.16"
"ENSG00000105290","APLP1","ENSG00000105290.15"
"ENSG00000189058","APOD","ENSG00000189058.10"
"ENSG00000113296","THBS4","ENSG00000113296.15"
"ENSG00000163536","SERPINI1","ENSG00000163536.14"
"ENSG00000149809","TM7SF2","ENSG00000149809.18"
"ENSG00000186868","MAPT","ENSG00000186868.19"
"ENSG00000291560","PCP4","ENSG00000291560.1"
"ENSG00000183036","PCP4","ENSG00000183036.11"
"ENSG00000185745","IFIT1","ENSG00000185745.10"
"ENSG00000176956","LY6H","ENSG00000176956.13"
"ENSG00000072832","CRMP1","ENSG00000072832.15"
"ENSG00000274488","LY6H","ENSG00000274488.4"
"ENSG00000163083","INHBB","ENSG00000163083.6"
"ENSG00000007372","PAX6","ENSG00000007372.25"
"ENSG00000171766","GATM","ENSG00000171766.18"
"ENSG00000266964","FXYD1","ENSG00000266964.7"
"ENSG00000107742","SPOCK2","ENSG00000107742.15"
"ENSG00000242265","PEG10","ENSG00000242265.6"
"ENSG00000182901","RGS7","ENSG00000182901.18"
"ENSG00000166426","CRABP1","ENSG00000166426.9"
"ENSG00000082397","EPB41L3","ENSG00000082397.19"
"ENSG00000240583","AQP1","ENSG00000240583.15"
"ENSG00000134138","MEIS2","ENSG00000134138.23"
"ENSG00000165457","FOLR2","ENSG00000165457.16"
"ENSG00000134184","GSTM1","ENSG00000134184.14"
"ENSG00000126351","THRA","ENSG00000126351.14"
"ENSG00000164050","PLXNB1","ENSG00000164050.14"
"ENSG00000068078","FGFR3","ENSG00000068078.21"
"ENSG00000109472","CPE","ENSG00000109472.15"
"ENSG00000134853","PDGFRA","ENSG00000134853.13"
"ENSG00000072134","EPN2","ENSG00000072134.17"
"ENSG00000106089","STX1A","ENSG00000106089.13"
"ENSG00000091157","WDR7","ENSG00000091157.15"
"ENSG00000277377","SERPINA1","ENSG00000277377.4"
"ENSG00000142185","TRPM2","ENSG00000142185.19"
"ENSG00000104490","NCALD","ENSG00000104490.18"
"ENSG00000176406","RIMS2","ENSG00000176406.25"
"ENSG00000166206","GABRB3","ENSG00000166206.16"
"ENSG00000120251","GRIA2","ENSG00000120251.22"
"ENSG00000198910","L1CAM","ENSG00000198910.15"
"ENSG00000161281","COX7A1","ENSG00000161281.11"
"ENSG00000119782","FKBP1B","ENSG00000119782.14"
"ENSG00000151224","MAT1A","ENSG00000151224.14"
"ENSG00000282049","PRSS2","ENSG00000282049.1"
"ENSG00000063180","CA11","ENSG00000063180.10"
"ENSG00000170558","CDH2","ENSG00000170558.11"
"ENSG00000275896","PRSS2","ENSG00000275896.7"
"ENSG00000170345","FOS","ENSG00000170345.12"
"ENSG00000077279","DCX","ENSG00000077279.22"
"ENSG00000122585","NPY","ENSG00000122585.9"
"ENSG00000103316","CRYM","ENSG00000103316.13"
"ENSG00000065609","SNAP91","ENSG00000065609.16"
"ENSG00000197249","SERPINA1","ENSG00000197249.15"
"ENSG00000129538","RNASE1","ENSG00000129538.15"
"ENSG00000125730","C3","ENSG00000125730.19"
"ENSG00000143248","RGS5","ENSG00000143248.14"
"ENSG00000168243","GNG4","ENSG00000168243.12"
"ENSG00000276781","CHGA","ENSG00000276781.3"
"ENSG00000053438","NNAT","ENSG00000053438.11"
"ENSG00000100146","SOX10","ENSG00000100146.21"
"ENSG00000211445","GPX3","ENSG00000211445.13"
"ENSG00000149575","SCN2B","ENSG00000149575.9"
"ENSG00000135346","CGA","ENSG00000135346.9"
"ENSG00000092758","COL9A3","ENSG00000092758.19"
"ENSG00000171951","SCG2","ENSG00000171951.5"
"ENSG00000198488","B3GNT6","ENSG00000198488.11"
"ENSG00000244734","HBB","ENSG00000244734.5"
"ENSG00000059915","PSD","ENSG00000059915.18"
"ENSG00000185559","DLK1","ENSG00000185559.17"
"ENSG00000171246","NPTX1","ENSG00000171246.7"
"ENSG00000118785","SPP1","ENSG00000118785.16"
"ENSG00000114115","RBP1","ENSG00000114115.12"
"ENSG00000087258","GNAO1","ENSG00000087258.18"
"ENSG00000116106","EPHA4","ENSG00000116106.13"
"ENSG00000173267","SNCG","ENSG00000173267.15"
"ENSG00000129990","SYT5","ENSG00000129990.16"
"ENSG00000185518","SV2B","ENSG00000185518.13"
"ENSG00000166313","APBB1","ENSG00000166313.21"
"ENSG00000100604","CHGA","ENSG00000100604.14"
"ENSG00000187094","CCK","ENSG00000187094.13"
"ENSG00000175183","CSRP2","ENSG00000175183.11"
"ENSG00000168329","CX3CR1","ENSG00000168329.15"
"ENSG00000128564","VGF","ENSG00000128564.9"
"ENSG00000162374","ELAVL4","ENSG00000162374.19"
"ENSG00000282830","CALB2","ENSG00000282830.2"
"ENSG00000183580","FBXL7","ENSG00000183580.10"
"ENSG00000100427","MLC1","ENSG00000100427.17"
"ENSG00000126803","HSPA2","ENSG00000126803.10"
"ENSG00000213760","ATP6V1G2","ENSG00000213760.11"
"ENSG00000176884","GRIN1","ENSG00000176884.17"
"ENSG00000139910","NOVA1","ENSG00000139910.20"
"ENSG00000234920","ATP6V1G2","ENSG00000234920.3"
"ENSG00000139289","PHLDA1","ENSG00000139289.15"
"ENSG00000234668","ATP6V1G2","ENSG00000234668.3"
"ENSG00000227587","ATP6V1G2","ENSG00000227587.2"
"ENSG00000125931","CITED1","ENSG00000125931.12"
"ENSG00000104435","STMN2","ENSG00000104435.15"
"ENSG00000230900","ATP6V1G2","ENSG00000230900.5"
"ENSG00000226850","ATP6V1G2","ENSG00000226850.2"
"ENSG00000267467","APOC4","ENSG00000267467.5"
"ENSG00000109846","CRYAB","ENSG00000109846.10"
"ENSG00000206445","ATP6V1G2","ENSG00000206445.4"
"ENSG00000172020","GAP43","ENSG00000172020.14"
"ENSG00000170017","ALCAM","ENSG00000170017.13"
"ENSG00000132639","SNAP25","ENSG00000132639.16"
"ENSG00000168490","PHYHIP","ENSG00000168490.15"
"ENSG00000101955","SRPX","ENSG00000101955.16"
"ENSG00000136960","ENPP2","ENSG00000136960.14"
"ENSG00000165092","ALDH1A1","ENSG00000165092.14"
"ENSG00000130558","OLFM1","ENSG00000130558.21"
"ENSG00000007516","BAIAP3","ENSG00000007516.16"
"ENSG00000172137","CALB2","ENSG00000172137.20"
"ENSG00000187134","AKR1C1","ENSG00000187134.15"
"ENSG00000167191","GPRC5B","ENSG00000167191.13"
"ENSG00000159164","SV2A","ENSG00000159164.11"
"ENSG00000078053","AMPH","ENSG00000078053.18"
"ENSG00000173404","INSM1","ENSG00000173404.5"
"ENSG00000184113","CLDN5","ENSG00000184113.10"
"ENSG00000276734","KIF5C","ENSG00000276734.4"
"ENSG00000128310","GALR3","ENSG00000128310.4"
"ENSG00000196569","LAMA2","ENSG00000196569.14"
"ENSG00000168280","KIF5C","ENSG00000168280.18"
"ENSG00000228278","ORM2","ENSG00000228278.6"
"ENSG00000157005","SST","ENSG00000157005.4"
"ENSG00000282185","PTPRN2","ENSG00000282185.1"
"ENSG00000277586","NEFL","ENSG00000277586.5"
"ENSG00000185483","ROR1","ENSG00000185483.13"
"ENSG00000082014","SMARCD3","ENSG00000082014.17"
"ENSG00000135744","AGT","ENSG00000135744.9"
"ENSG00000155093","PTPRN2","ENSG00000155093.20"
"ENSG00000123560","PLP1","ENSG00000123560.15"
"ENSG00000064787","BCAS1","ENSG00000064787.15"
"ENSG00000175426","PCSK1","ENSG00000175426.12"
"ENSG00000069535","MAOB","ENSG00000069535.15"
"ENSG00000196136","SERPINA3","ENSG00000196136.19"
"ENSG00000113758","DBN1","ENSG00000113758.15"
"ENSG00000104267","CA2","ENSG00000104267.11"
"ENSG00000181195","PENK","ENSG00000181195.12"
"ENSG00000157782","CABP1","ENSG00000157782.11"
"ENSG00000109610","SOD3","ENSG00000109610.7"
"ENSG00000139970","RTN1","ENSG00000139970.19"
"ENSG00000154277","UCHL1","ENSG00000154277.14"
"ENSG00000151632","AKR1C2","ENSG00000151632.19"
"ENSG00000124702","KLHDC3","ENSG00000124702.20"
"ENSG00000054356","PTPRN","ENSG00000054356.15"
"ENSG00000043355","ZIC2","ENSG00000043355.12"
"ENSG00000132640","BTBD3","ENSG00000132640.15"
"ENSG00000100201","DDX17","ENSG00000100201.23"
"ENSG00000152217","SETBP1","ENSG00000152217.21"
"ENSG00000272398","CD24","ENSG00000272398.6"
"ENSG00000164434","FABP7","ENSG00000164434.12"
"ENSG00000169562","GJB1","ENSG00000169562.14"
"ENSG00000136535","TBR1","ENSG00000136535.15"
"ENSG00000130203","APOE","ENSG00000130203.11"
"ENSG00000163631","ALB","ENSG00000163631.20"
"ENSG00000100321","SYNGR1","ENSG00000100321.16"
"ENSG00000100991","TRPC4AP","ENSG00000100991.13"
"ENSG00000109339","MAPK10","ENSG00000109339.25"
"ENSG00000049089","COL9A2","ENSG00000049089.16"
"ENSG00000067445","TRO","ENSG00000067445.23"
"ENSG00000135424","ITGA7","ENSG00000135424.20"
"ENSG00000106069","CHN2","ENSG00000106069.27"
"ENSG00000169750","RAC3","ENSG00000169750.10"
"ENSG00000077782","FGFR1","ENSG00000077782.24"
"ENSG00000109738","GLRB","ENSG00000109738.12"
"ENSG00000156076","WIF1","ENSG00000156076.11"
"ENSG00000114268","PFKFB4","ENSG00000114268.13"
"ENSG00000104888","SLC17A7","ENSG00000104888.11"
"ENSG00000175264","CHST1","ENSG00000175264.9"
"ENSG00000138101","DTNB","ENSG00000138101.21"
"ENSG00000078018","MAP2","ENSG00000078018.23"
"ENSG00000159228","CBR1","ENSG00000159228.13"
"ENSG00000275214","IFI27","ENSG00000275214.4"
"ENSG00000171885","AQP4","ENSG00000171885.19"
"ENSG00000104371","DKK4","ENSG00000104371.5"
"ENSG00000130037","KCNA5","ENSG00000130037.5"
"ENSG00000278728","CNTNAP2","ENSG00000278728.2"
"ENSG00000149294","NCAM1","ENSG00000149294.18"
"ENSG00000169744","LDB2","ENSG00000169744.14"
"ENSG00000130222","GADD45G","ENSG00000130222.12"
"ENSG00000172379","ARNT2","ENSG00000172379.23"
"ENSG00000138162","TACC2","ENSG00000138162.20"
"ENSG00000197446","CYP2F1","ENSG00000197446.10"
"ENSG00000174469","CNTNAP2","ENSG00000174469.23"
"ENSG00000074410","CA12","ENSG00000074410.15"
"ENSG00000187840","EIF4EBP1","ENSG00000187840.6"
"ENSG00000066468","FGFR2","ENSG00000066468.25"
"ENSG00000116016","EPAS1","ENSG00000116016.15"
"ENSG00000176533","GNG7","ENSG00000176533.14"
"ENSG00000101298","SNPH","ENSG00000101298.16"
"ENSG00000106331","PAX4","ENSG00000106331.20"
"ENSG00000074317","SNCB","ENSG00000074317.12"
"ENSG00000166165","CKB","ENSG00000166165.15"
"ENSG00000117016","RIMS3","ENSG00000117016.11"
"ENSG00000165949","IFI27","ENSG00000165949.14"
"ENSG00000106976","DNM1","ENSG00000106976.23"
"ENSG00000041982","TNC","ENSG00000041982.18"
"ENSG00000167755","KLK6","ENSG00000167755.16"
"ENSG00000111674","ENO2","ENSG00000111674.10"
"ENSG00000065534","MYLK","ENSG00000065534.21"
"ENSG00000276536","HRAS","ENSG00000276536.4"
"ENSG00000182621","PLCB1","ENSG00000182621.19"
"ENSG00000105516","DBP","ENSG00000105516.11"
"ENSG00000168461","RAB31","ENSG00000168461.14"
"ENSG00000142173","COL6A2","ENSG00000142173.18"
"ENSG00000100234","TIMP3","ENSG00000100234.13"
"ENSG00000171564","FGB","ENSG00000171564.13"
"ENSG00000070413","DGCR2","ENSG00000070413.22"
"ENSG00000184588","PDE4B","ENSG00000184588.18"
"ENSG00000130226","DPP6","ENSG00000130226.18"
"ENSG00000008710","PKD1","ENSG00000008710.20"
"ENSG00000117152","RGS4","ENSG00000117152.14"
"ENSG00000130208","APOC1","ENSG00000130208.11"
"ENSG00000081189","MEF2C","ENSG00000081189.18"
"ENSG00000174775","HRAS","ENSG00000174775.19"
"ENSG00000261701","HPR","ENSG00000261701.10"
"ENSG00000124253","PCK1","ENSG00000124253.12"
"ENSG00000146674","IGFBP3","ENSG00000146674.17"
"ENSG00000125144","MT1G","ENSG00000125144.15"
"ENSG00000107105","ELAVL2","ENSG00000107105.16"
"ENSG00000118971","CCND2","ENSG00000118971.10"
"ENSG00000143819","EPHX1","ENSG00000143819.14"
"ENSG00000155849","ELMO1","ENSG00000155849.17"
"ENSG00000172380","GNG12","ENSG00000172380.7"
"ENSG00000117525","F3","ENSG00000117525.15"
"ENSG00000067048","DDX3Y","ENSG00000067048.18"
"ENSG00000291720","OMG","ENSG00000291720.1"
"ENSG00000102678","FGF9","ENSG00000102678.7"
"ENSG00000179242","CDH4","ENSG00000179242.16"
"ENSG00000276495","APBA2","ENSG00000276495.4"
"ENSG00000170835","CEL","ENSG00000170835.17"
"ENSG00000131773","KHDRBS3","ENSG00000131773.15"
"ENSG00000139352","ASCL1","ENSG00000139352.4"
"ENSG00000134121","CHL1","ENSG00000134121.10"
"ENSG00000280641","CDH4","ENSG00000280641.2"
"ENSG00000292215","TIMM17B","ENSG00000292215.1"
"ENSG00000126768","TIMM17B","ENSG00000126768.14"
"ENSG00000148053","NTRK2","ENSG00000148053.19"
"ENSG00000187908","DMBT1","ENSG00000187908.21"
"ENSG00000126861","OMG","ENSG00000126861.5"
"ENSG00000034053","APBA2","ENSG00000034053.16"
"ENSG00000134824","FADS2","ENSG00000134824.15"
"ENSG00000124762","CDKN1A","ENSG00000124762.16"
"ENSG00000186480","INSIG1","ENSG00000186480.14"
"ENSG00000067221","STOML1","ENSG00000067221.15"
"ENSG00000090104","RGS1","ENSG00000090104.13"
"ENSG00000102879","CORO1A","ENSG00000102879.18"
"ENSG00000242173","ARHGDIG","ENSG00000242173.11"
"ENSG00000167972","ABCA3","ENSG00000167972.15"
"ENSG00000198648","STK39","ENSG00000198648.13"
"ENSG00000135363","LMO2","ENSG00000135363.13"
"ENSG00000033627","ATP6V0A1","ENSG00000033627.19"
"ENSG00000177000","MTHFR","ENSG00000177000.14"
"ENSG00000122042","UBL3","ENSG00000122042.10"
"ENSG00000171189","GRIK1","ENSG00000171189.18"
"ENSG00000100292","HMOX1","ENSG00000100292.18"
"ENSG00000276480","MYH11","ENSG00000276480.5"
"ENSG00000008196","TFAP2B","ENSG00000008196.13"
"ENSG00000166974","MAPRE2","ENSG00000166974.14"
"ENSG00000099617","EFNA2","ENSG00000099617.4"
"ENSG00000086570","FAT2","ENSG00000086570.13"
"ENSG00000006071","ABCC8","ENSG00000006071.16"
"ENSG00000147488","ST18","ENSG00000147488.14"
"ENSG00000151150","ANK3","ENSG00000151150.23"
"ENSG00000089057","SLC23A2","ENSG00000089057.16"
"ENSG00000152661","GJA1","ENSG00000152661.10"
"ENSG00000092445","TYRO3","ENSG00000092445.13"
"ENSG00000101210","EEF1A2","ENSG00000101210.16"
"ENSG00000115457","IGFBP2","ENSG00000115457.11"
"ENSG00000171033","PKIA","ENSG00000171033.14"
"ENSG00000135924","DNAJB2","ENSG00000135924.18"
"ENSG00000164904","ALDH7A1","ENSG00000164904.19"
"ENSG00000163032","VSNL1","ENSG00000163032.13"
"ENSG00000099864","PALM","ENSG00000099864.19"
"ENSG00000133392","MYH11","ENSG00000133392.20"
"ENSG00000006744","ELAC2","ENSG00000006744.20"
"ENSG00000162998","FRZB","ENSG00000162998.6"
"ENSG00000173369","C1QB","ENSG00000173369.19"
"ENSG00000197971","MBP","ENSG00000197971.16"
"ENSG00000124766","SOX4","ENSG00000124766.7"
"ENSG00000187122","SLIT1","ENSG00000187122.17"
"ENSG00000106689","LHX2","ENSG00000106689.11"
"ENSG00000132970","WASF3","ENSG00000132970.15"
"ENSG00000284194","SCO2","ENSG00000284194.4"
"ENSG00000170477","KRT4","ENSG00000170477.13"
"ENSG00000157087","ATP2B2","ENSG00000157087.20"
"ENSG00000183741","CBX6","ENSG00000183741.13"
"ENSG00000163435","ELF3","ENSG00000163435.16"
"ENSG00000151490","PTPRO","ENSG00000151490.16"
"ENSG00000105143","SLC1A6","ENSG00000105143.14"
"ENSG00000123933","MXD4","ENSG00000123933.18"
"ENSG00000151552","QDPR","ENSG00000151552.14"
"ENSG00000005075","POLR2J","ENSG00000005075.17"
"ENSG00000161647","MPP3","ENSG00000161647.20"
"ENSG00000158458","NRG2","ENSG00000158458.22"
"ENSG00000100842","EFS","ENSG00000100842.14"
"ENSG00000170899","GSTA4","ENSG00000170899.12"
"ENSG00000090097","PCBP4","ENSG00000090097.23"
"ENSG00000102981","PARD6A","ENSG00000102981.11"
"ENSG00000135525","MAP7","ENSG00000135525.20"
"ENSG00000173898","SPTBN2","ENSG00000173898.17"
"ENSG00000129673","AANAT","ENSG00000129673.11"
"ENSG00000291431","DUSP8","ENSG00000291431.1"
"ENSG00000273793","DUSP8","ENSG00000273793.3"
"ENSG00000278165","DUSP8","ENSG00000278165.3"
"ENSG00000182195","LDOC1","ENSG00000182195.9"
"ENSG00000100554","ATP6V1D","ENSG00000100554.12"
"ENSG00000130540","SULT4A1","ENSG00000130540.15"
"ENSG00000104967","NOVA2","ENSG00000104967.8"
"ENSG00000087303","NID2","ENSG00000087303.19"
"ENSG00000228978","TNF","ENSG00000228978.2"
"ENSG00000145020","AMT","ENSG00000145020.16"
"ENSG00000232810","TNF","ENSG00000232810.5"
"ENSG00000228849","TNF","ENSG00000228849.3"
"ENSG00000204490","TNF","ENSG00000204490.3"
"ENSG00000230108","TNF","ENSG00000230108.3"
"ENSG00000151967","SCHIP1","ENSG00000151967.19"
"ENSG00000228321","TNF","ENSG00000228321.3"
"ENSG00000104327","CALB1","ENSG00000104327.8"
"ENSG00000223952","TNF","ENSG00000223952.3"
"ENSG00000108947","EFNB3","ENSG00000108947.5"
"ENSG00000167779","IGFBP6","ENSG00000167779.10"
"ENSG00000173786","CNP","ENSG00000173786.17"
"ENSG00000180616","SSTR2","ENSG00000180616.9"
"ENSG00000206439","TNF","ENSG00000206439.5"
"ENSG00000196781","TLE1","ENSG00000196781.17"
"ENSG00000141837","CACNA1A","ENSG00000141837.24"
"ENSG00000113327","GABRG2","ENSG00000113327.18"
"ENSG00000089169","RPH3A","ENSG00000089169.16"
"ENSG00000131459","GFPT2","ENSG00000131459.14"
"ENSG00000179094","PER1","ENSG00000179094.18"
"ENSG00000127990","SGCE","ENSG00000127990.20"
"ENSG00000184545","DUSP8","ENSG00000184545.12"
"ENSG00000065717","TLE2","ENSG00000065717.17"
"ENSG00000138814","PPP3CA","ENSG00000138814.18"
"ENSG00000115828","QPCT","ENSG00000115828.18"
"ENSG00000144642","RBMS3","ENSG00000144642.23"
"ENSG00000184226","PCDH9","ENSG00000184226.15"
"ENSG00000021300","PLEKHB1","ENSG00000021300.14"
"ENSG00000008300","CELSR3","ENSG00000008300.17"
"ENSG00000131018","SYNE1","ENSG00000131018.25"
"ENSG00000147257","GPC3","ENSG00000147257.17"
"ENSG00000153707","PTPRD","ENSG00000153707.21"
"ENSG00000136160","EDNRB","ENSG00000136160.18"
"ENSG00000078596","ITM2A","ENSG00000078596.12"
"ENSG00000188372","ZP3","ENSG00000188372.15"
"ENSG00000189056","RELN","ENSG00000189056.15"
"ENSG00000102924","CBLN1","ENSG00000102924.13"
"ENSG00000063176","SPHK2","ENSG00000063176.17"
"ENSG00000067141","NEO1","ENSG00000067141.18"
"ENSG00000125398","SOX9","ENSG00000125398.9"
"ENSG00000120899","PTK2B","ENSG00000120899.19"
"ENSG00000076356","PLXNA2","ENSG00000076356.8"
"ENSG00000142875","PRKACB","ENSG00000142875.22"
"ENSG00000129244","ATP1B2","ENSG00000129244.10"
"ENSG00000150625","GPM6A","ENSG00000150625.18"
"ENSG00000117632","STMN1","ENSG00000117632.24"
"ENSG00000067606","PRKCZ","ENSG00000067606.18"
"ENSG00000283946","CHRNB1","ENSG00000283946.2"
"ENSG00000184302","SIX6","ENSG00000184302.7"
"ENSG00000221878","PSG7","ENSG00000221878.13"
"ENSG00000276996","SLC6A3","ENSG00000276996.2"
"ENSG00000198576","ARC","ENSG00000198576.4"
"ENSG00000232569","GABBR1","ENSG00000232569.8"
"ENSG00000119866","BCL11A","ENSG00000119866.22"
"ENSG00000237112","GABBR1","ENSG00000237112.8"
"ENSG00000232632","GABBR1","ENSG00000232632.8"
"ENSG00000101443","WFDC2","ENSG00000101443.19"
"ENSG00000155760","FZD7","ENSG00000155760.3"
"ENSG00000170873","MTSS1","ENSG00000170873.20"
"ENSG00000237051","GABBR1","ENSG00000237051.8"
"ENSG00000206466","GABBR1","ENSG00000206466.10"
"ENSG00000187758","ADH1A","ENSG00000187758.9"
"ENSG00000276464","POMZP3","ENSG00000276464.4"
"ENSG00000206511","GABBR1","ENSG00000206511.10"
"ENSG00000170175","CHRNB1","ENSG00000170175.11"
"ENSG00000167535","CACNB3","ENSG00000167535.9"
"ENSG00000151746","BICD1","ENSG00000151746.16"
"ENSG00000142319","SLC6A3","ENSG00000142319.20"
"ENSG00000243509","TNFRSF6B","ENSG00000243509.7"
"ENSG00000101265","RASSF2","ENSG00000101265.17"
"ENSG00000143153","ATP1B1","ENSG00000143153.15"
"ENSG00000126860","EVI2A","ENSG00000126860.13"
"ENSG00000123358","NR4A1","ENSG00000123358.21"
"ENSG00000137825","ITPKA","ENSG00000137825.12"
"ENSG00000118898","PPL","ENSG00000118898.17"
"ENSG00000146070","PLA2G7","ENSG00000146070.18"
"ENSG00000204681","GABBR1","ENSG00000204681.12"
"ENSG00000146707","POMZP3","ENSG00000146707.16"
"ENSG00000091409","ITGA6","ENSG00000091409.18"
"ENSG00000145555","MYO10","ENSG00000145555.15"
"ENSG00000185437","SH3BGR","ENSG00000185437.17"
"ENSG00000187189","TSPYL4","ENSG00000187189.11"
"ENSG00000054793","ATP9A","ENSG00000054793.15"
"ENSG00000198838","RYR3","ENSG00000198838.15"
"ENSG00000292208","PQBP1","ENSG00000292208.1"
"ENSG00000114646","CSPG5","ENSG00000114646.10"
"ENSG00000150995","ITPR1","ENSG00000150995.21"
"ENSG00000160307","S100B","ENSG00000160307.11"
"ENSG00000100271","TTLL1","ENSG00000100271.18"
"ENSG00000136854","STXBP1","ENSG00000136854.27"
"ENSG00000105737","GRIK5","ENSG00000105737.11"
"ENSG00000132535","DLG4","ENSG00000132535.23"
"ENSG00000115977","AAK1","ENSG00000115977.22"
"ENSG00000102103","PQBP1","ENSG00000102103.19"
"ENSG00000174080","CTSF","ENSG00000174080.13"
"ENSG00000063854","HAGH","ENSG00000063854.14"
"ENSG00000135750","KCNK1","ENSG00000135750.16"
"ENSG00000100505","TRIM9","ENSG00000100505.15"
"ENSG00000079215","SLC1A3","ENSG00000079215.16"
"ENSG00000149557","FEZ1","ENSG00000149557.15"
"ENSG00000291608","SH3GL3","ENSG00000291608.1"
"ENSG00000180957","PITPNB","ENSG00000180957.19"
"ENSG00000149654","CDH22","ENSG00000149654.12"
"ENSG00000138166","DUSP5","ENSG00000138166.7"
"ENSG00000059804","SLC2A3","ENSG00000059804.19"
"ENSG00000154188","ANGPT1","ENSG00000154188.11"
"ENSG00000140600","SH3GL3","ENSG00000140600.18"
"ENSG00000107798","LIPA","ENSG00000107798.19"
"ENSG00000151640","DPYSL4","ENSG00000151640.14"
"ENSG00000184254","ALDH1A3","ENSG00000184254.19"
"ENSG00000107317","PTGDS","ENSG00000107317.14"
"ENSG00000185236","RAB11B","ENSG00000185236.13"
"ENSG00000103269","RHBDL1","ENSG00000103269.15"
"ENSG00000105711","SCN1B","ENSG00000105711.15"
"ENSG00000136717","BIN1","ENSG00000136717.16"
"ENSG00000186340","THBS2","ENSG00000186340.18"
"ENSG00000114770","ABCC5","ENSG00000114770.18"
"ENSG00000170581","STAT2","ENSG00000170581.16"
"ENSG00000107404","DVL1","ENSG00000107404.22"
"ENSG00000141424","SLC39A6","ENSG00000141424.13"
"ENSG00000285032","MTMR9","ENSG00000285032.3"
"ENSG00000186310","NAP1L3","ENSG00000186310.10"
"ENSG00000141867","BRD4","ENSG00000141867.19"
"ENSG00000152977","ZIC1","ENSG00000152977.10"
"ENSG00000168135","KCNJ4","ENSG00000168135.5"
"ENSG00000099204","ABLIM1","ENSG00000099204.23"
"ENSG00000241563","CORT","ENSG00000241563.4"
"ENSG00000072401","UBE2D1","ENSG00000072401.16"
"ENSG00000109654","TRIM2","ENSG00000109654.17"
"ENSG00000131437","KIF3A","ENSG00000131437.17"
"ENSG00000104643","MTMR9","ENSG00000104643.11"
"ENSG00000140937","CDH11","ENSG00000140937.15"
"ENSG00000152583","SPARCL1","ENSG00000152583.14"
"ENSG00000189221","MAOA","ENSG00000189221.12"
"ENSG00000066136","NFYC","ENSG00000066136.22"
"ENSG00000151689","INPP1","ENSG00000151689.14"
"ENSG00000143013","LMO4","ENSG00000143013.14"
"ENSG00000159423","ALDH4A1","ENSG00000159423.18"
"ENSG00000154721","JAM2","ENSG00000154721.16"
